model,precision,batch_size,throughput,mean_latency_ms,total_time_sec,success
bert-large,bf16,1024,622.6385016979749,1644.5887851715088,82.23070025444031,1
bert-large,bf16,128,612.8043159467445,208.85186195373535,10.443790674209595,1
bert-large,bf16,12,446.76076651092245,26.838960647583008,1.3430006504058838,1
bert-large,bf16,16,495.9962938967107,32.237067222595215,1.612915277481079,1
bert-large,bf16,192,618.1741581111031,310.56973457336426,15.529604196548462,1
bert-large,bf16,1,76.20334972476851,13.101959228515625,0.6561391353607178,1
bert-large,bf16,24,542.6084391661849,44.19932842254639,2.2115395069122314,1
bert-large,bf16,256,619.6961892852544,413.0828857421875,20.655282735824585,1
bert-large,bf16,2,150.67148847540054,13.25305461883545,0.6636955738067627,1
bert-large,bf16,32,605.0650872977368,52.85895824432373,2.644343614578247,1
bert-large,bf16,384,621.7306892249026,617.6079797744751,30.881538152694702,1
bert-large,bf16,48,606.8872148556978,79.06744480133057,3.954606294631958,1
bert-large,bf16,4,289.980897492891,13.772916793823242,0.6897006034851074,1
bert-large,bf16,512,618.2126280035186,828.1703472137451,41.409700870513916,1
bert-large,bf16,64,620.0139951288674,103.19268703460693,5.1611738204956055,1
bert-large,bf16,768,620.0855159925782,1238.5160541534424,61.926942348480225,1
bert-large,bf16,8,432.3369551212342,18.483104705810547,0.9252042770385742,1
bert-large,bf16,96,609.3828569131634,157.51104831695557,7.876821517944336,1
bert-large,fp16,1024,615.1119088992706,1664.7117900848389,83.23688626289368,1
bert-large,fp16,128,605.9593968728318,211.20830059051514,10.561763763427734,1
bert-large,fp16,12,446.21592384594504,26.871399879455566,1.3446404933929443,1
bert-large,fp16,16,495.3471858695745,32.279109954833984,1.6150288581848145,1
bert-large,fp16,192,612.6846587135303,313.3529806137085,15.668745517730713,1
bert-large,fp16,1,74.66543621819383,13.370113372802734,0.6696538925170898,1
bert-large,fp16,24,539.5869191603475,44.44657325744629,2.223923444747925,1
bert-large,fp16,256,612.6683537014089,417.8163146972656,20.892216682434082,1
bert-large,fp16,2,151.94072640081262,13.132033348083496,0.658151388168335,1
bert-large,fp16,32,606.2692974375361,52.76064395904541,2.6390912532806396,1
bert-large,fp16,384,612.289429852042,627.1319770812988,31.35771918296814,1
bert-large,fp16,48,602.9981673433451,79.57143783569336,3.980111598968506,1
bert-large,fp16,4,293.6100002170065,13.600363731384277,0.681175708770752,1
bert-large,fp16,512,613.8387432570909,834.0701770782471,41.70476412773132,1
bert-large,fp16,64,614.5913470740616,104.11234855651855,5.206711769104004,1
bert-large,fp16,768,613.2129595583311,1252.3935556411743,62.62098574638367,1
bert-large,fp16,8,433.60763524186814,18.42883586883545,0.9224929809570312,1
bert-large,fp16,96,603.7151193659723,158.98448944091797,7.950769901275635,1
bert-large,fp32,1024,36.43300274415076,28106.34597301483,1405.3192474842072,1
bert-large,fp32,128,36.09513119722539,3546.1580562591553,177.30923223495483,1
bert-large,fp32,12,36.81178137370224,325.95985889434814,16.299129724502563,1
bert-large,fp32,16,36.921365941351,433.3310842514038,21.667670726776123,1
bert-large,fp32,192,36.09440965410012,5319.355745315552,265.9691650867462,1
bert-large,fp32,1,29.163180294517037,34.26714897155762,1.7144906520843506,1
bert-large,fp32,24,36.83930893885822,651.4549255371094,32.57390093803406,1
bert-large,fp32,256,36.11087353142307,7089.252443313599,354.4638705253601,1
bert-large,fp32,2,41.91535071931482,47.69420146942139,2.38576078414917,1
bert-large,fp32,32,36.45540077462329,877.7536487579346,43.889244556427,1
bert-large,fp32,384,36.17589339464945,10614.771718978882,530.7401752471924,1
bert-large,fp32,48,36.31452222467081,1321.7613410949707,66.08926272392273,1
bert-large,fp32,4,46.564550703249715,85.8708381652832,4.29511284828186,1
bert-large,fp32,512,36.27513588760928,14114.321093559265,705.7175493240356,1
bert-large,fp32,64,36.18964369465836,1768.4343528747559,88.423086643219,1
bert-large,fp32,768,36.37398292106855,21113.956003189087,1055.69962143898,1
bert-large,fp32,8,36.95700180782329,216.4456033706665,10.823388814926147,1
bert-large,fp32,96,36.09501351577918,2659.621024131775,132.98235774040222,1
gpt2,bf16,1024,0,0,0,0
gpt2,bf16,128,881.418060306972,145.16762256622314,7.261026620864868,1
gpt2,bf16,12,863.3067700382497,13.857569694519043,0.6950020790100098,1
gpt2,bf16,16,888.0750320313217,17.973875999450684,0.900824785232544,1
gpt2,bf16,192,892.4885200374334,215.07551193237305,10.756440877914429,1
gpt2,bf16,1,140.02268777337332,7.100672721862793,0.3570849895477295,1
gpt2,bf16,24,977.6007592133378,24.495844841003418,1.2274949550628662,1
gpt2,bf16,256,895.5695812527464,285.79883098602295,14.292580127716064,1
gpt2,bf16,2,278.4735127411984,7.122459411621094,0.3591005802154541,1
gpt2,bf16,32,878.5880245286133,36.36899471282959,1.821103811264038,1
gpt2,bf16,384,901.7947443598408,425.7634925842285,21.290875911712646,1
gpt2,bf16,48,874.9242288798459,54.80856895446777,2.7430946826934814,1
gpt2,bf16,4,533.5748706231967,7.436213493347168,0.3748302459716797,1
gpt2,bf16,512,907.3760111837237,564.2086315155029,28.213221073150635,1
gpt2,bf16,64,880.2550697339482,72.65381336212158,3.635309934616089,1
gpt2,bf16,768,0,0,0,0
gpt2,bf16,8,735.8234432427217,10.819449424743652,0.5436086654663086,1
gpt2,bf16,96,886.5070835902309,108.24722290039062,5.41450834274292,1
gpt2,fp16,1024,0,0,0,0
gpt2,fp16,128,881.6939031069528,145.12614727020264,7.2587549686431885,1
gpt2,fp16,12,866.3796157345773,13.794050216674805,0.6925370693206787,1
gpt2,fp16,16,892.1545438302434,17.89229393005371,0.8967056274414062,1
gpt2,fp16,192,892.7600536924466,215.01286029815674,10.753169298171997,1
gpt2,fp16,1,139.79196037848413,7.093534469604492,0.35767436027526855,1
gpt2,fp16,24,979.2012251968455,24.466958045959473,1.2254886627197266,1
gpt2,fp16,256,895.4893796027358,285.8246850967407,14.29386019706726,1
gpt2,fp16,2,281.35944317139007,7.067890167236328,0.35541725158691406,1
gpt2,fp16,32,886.152077943617,36.06815814971924,1.8055591583251953,1
gpt2,fp16,384,900.2310612048431,426.50344371795654,21.327857732772827,1
gpt2,fp16,48,881.1728090844839,54.43070888519287,2.7236428260803223,1
gpt2,fp16,4,533.2163749381042,7.456827163696289,0.37508225440979004,1
gpt2,fp16,512,904.9414485993304,565.7275009155273,28.289123058319092,1
gpt2,fp16,64,883.1691186945563,72.42342948913574,3.6233150959014893,1
gpt2,fp16,768,0,0,0,0
gpt2,fp16,8,735.9954938020037,10.819435119628906,0.5434815883636475,1
gpt2,fp16,96,887.7947911805865,108.08030128479004,5.4066548347473145,1
gpt2,fp32,1024,0,0,0,0
gpt2,fp32,128,103.28727672982914,1239.2135000228882,61.963101387023926,1
gpt2,fp32,12,105.63857276361985,113.54736328125,5.679743528366089,1
gpt2,fp32,16,104.93484844452524,152.42340564727783,7.6237781047821045,1
gpt2,fp32,192,103.50042666694948,1855.018858909607,92.75324082374573,1
gpt2,fp32,1,133.39185102921178,7.453594207763672,0.3748354911804199,1
gpt2,fp32,24,105.71060086139242,226.9804286956787,11.351747035980225,1
gpt2,fp32,256,103.65235151101383,2469.7469186782837,123.48972129821777,1
gpt2,fp32,2,139.0431251075318,14.335899353027344,0.7192013263702393,1
gpt2,fp32,32,103.93469724004026,307.8413152694702,15.39428162574768,1
gpt2,fp32,384,0,0,0,0
gpt2,fp32,48,104.10250010628636,461.0342264175415,23.054201364517212,1
gpt2,fp32,4,105.18618850461485,37.97534942626953,1.9013903141021729,1
gpt2,fp32,512,0,0,0,0
gpt2,fp32,64,103.42376523865788,618.7686061859131,30.940664291381836,1
gpt2,fp32,768,0,0,0,0
gpt2,fp32,8,105.80646577214044,75.55669784545898,3.780487298965454,1
gpt2,fp32,96,103.23745483188748,929.8495674133301,46.49475336074829,1
resnet50,bf16,1024,1432.5433692048928,714.7911024093628,35.740628242492676,1
resnet50,bf16,128,1457.3089100932023,87.81280994415283,4.391656398773193,1
resnet50,bf16,12,1300.3033511231122,9.209461212158203,0.46143078804016113,1
resnet50,bf16,16,1469.474312996539,10.869035720825195,0.54441237449646,1
resnet50,bf16,192,1446.8991631192794,132.6769208908081,6.634878396987915,1
resnet50,bf16,1,159.18423423662765,6.263036727905273,0.3141014575958252,1
resnet50,bf16,24,1536.4946905207823,15.600733757019043,0.7809984683990479,1
resnet50,bf16,256,1436.3675104050653,178.20719242095947,8.911368370056152,1
resnet50,bf16,2,303.21570419164965,6.576681137084961,0.32979822158813477,1
resnet50,bf16,32,1530.6373042080809,20.88651180267334,1.045316219329834,1
resnet50,bf16,384,1433.3228280778906,267.88713932037354,13.395447015762329,1
resnet50,bf16,48,1515.8283528924403,31.64585590362549,1.5832927227020264,1
resnet50,bf16,4,568.743092930008,7.014250755310059,0.3516526222229004,1
resnet50,bf16,512,1431.7723306913495,357.5776433944702,17.879937648773193,1
resnet50,bf16,64,1484.433676532865,43.09363842010498,2.1557042598724365,1
resnet50,bf16,768,1430.262244936289,536.9421577453613,26.848223209381104,1
resnet50,bf16,8,1012.4822725851791,7.881860733032227,0.3950686454772949,1
resnet50,bf16,96,1480.4490499390324,64.82452392578125,3.2422595024108887,1
resnet50,fp16,1024,2307.324473856176,443.78270626068115,22.19020366668701,1
resnet50,fp16,128,2630.4263481383714,48.64175319671631,2.43306565284729,1
resnet50,fp16,12,2210.547563646138,5.409045219421387,0.2714259624481201,1
resnet50,fp16,16,2812.12633202174,5.67042350769043,0.2844822406768799,1
resnet50,fp16,192,2538.066498392266,75.62798500061035,3.782406806945801,1
resnet50,fp16,1,179.50442565742904,5.551156997680664,0.27854466438293457,1
resnet50,fp16,24,3054.173425010149,7.838921546936035,0.39290499687194824,1
resnet50,fp16,256,2459.998851724505,104.04489517211914,5.203254461288452,1
resnet50,fp16,2,358.79602461603736,5.554904937744141,0.27870988845825195,1
resnet50,fp16,32,3066.132167108174,10.41682243347168,0.5218300819396973,1
resnet50,fp16,384,2417.7392506400593,158.8042974472046,7.941303014755249,1
resnet50,fp16,48,2943.131991025291,16.2899112701416,0.815457820892334,1
resnet50,fp16,4,730.4394770961824,5.457525253295898,0.2738077640533447,1
resnet50,fp16,512,2376.253983395507,215.44491291046143,10.773259162902832,1
resnet50,fp16,64,2819.2476669710995,22.68125057220459,1.135054588317871,1
resnet50,fp16,768,2349.7543223334987,326.82212829589844,16.34213399887085,1
resnet50,fp16,8,1457.2410318770087,5.470924377441406,0.2744913101196289,1
resnet50,fp16,96,2714.7917188348893,35.341973304748535,1.7680914402008057,1
resnet50,fp32,1024,1178.8619716191993,868.6123371124268,43.43171739578247,1
resnet50,fp32,128,1282.3970587111223,99.79321479797363,4.990653991699219,1
resnet50,fp32,12,1542.328781983199,7.761349678039551,0.3890221118927002,1
resnet50,fp32,16,1519.0644342311607,10.51309585571289,0.5266399383544922,1
resnet50,fp32,192,1258.4802473296536,152.54472732543945,7.628248453140259,1
resnet50,fp32,1,210.71186713153216,4.72630500793457,0.2372908592224121,1
resnet50,fp32,24,1505.23699454119,15.924868583679201,0.7972166538238525,1
resnet50,fp32,256,1235.5817859531435,207.16978073120117,10.359492301940918,1
resnet50,fp32,2,404.4129302481646,4.92619514465332,0.24727201461791992,1
resnet50,fp32,32,1447.0183930341843,22.094426155090332,1.1057219505310059,1
resnet50,fp32,384,1213.241349686205,316.4870500564575,15.8253755569458,1
resnet50,fp32,48,1391.9512288206606,34.464125633239746,1.724198341369629,1
resnet50,fp32,4,827.4363858209699,4.815196990966797,0.24171042442321777,1
resnet50,fp32,512,1205.184351396832,424.81027603149414,21.24156355857849,1
resnet50,fp32,64,1353.9770546334248,47.24783897399902,2.363407850265503,1
resnet50,fp32,768,1187.8891929851015,646.5040159225464,32.326247453689575,1
resnet50,fp32,8,1382.0272052469734,5.769481658935547,0.2894299030303955,1
resnet50,fp32,96,1304.6131195769801,73.56505870819092,3.6792516708374023,1
